trial,dock_success,target_x,target_y,target_yaw,gt_x,gt_y,gt_yaw,mcl_x,mcl_y,mcl_yaw,gt_xy_error_m,gt_yaw_error_rad,mcl_xy_error_m,mcl_yaw_error_rad
1,True,3.8557964340917787,0.006680792326181876,3.14,3.8540875707824718,0.02731348176311714,-3.1404637255234102,3.880006081945763,0.006436940708679552,3.1362301267385715,0.020703335171196824,-0.0027215816561758643,0.02421087592024044,0.0037698732614286357
