trial,dock_success,target_x,target_y,target_yaw,gt_x,gt_y,gt_yaw,mcl_x,mcl_y,mcl_yaw,gt_xy_error_m,gt_yaw_error_rad,mcl_xy_error_m,mcl_yaw_error_rad
1,True,3.8557964340917787,0.006680792326181876,3.14,3.8458090779028593,0.032784207702098826,-3.0758539268579055,3.870412183014069,0.013944412521945712,-3.081148835050415,0.02794880279961925,-0.06733138032168107,0.016321160954654627,-0.062036472129171294
