trial,dock_success,target_x,target_y,target_yaw,gt_x,gt_y,gt_yaw,mcl_x,mcl_y,mcl_yaw,gt_xy_error_m,gt_yaw_error_rad,mcl_xy_error_m,mcl_yaw_error_rad
1,True,3.8557964340917787,0.006680792326181876,3.14,3.8430550851270397,0.028192911203901393,3.128349619228644,3.876219570250066,0.0037935575835302037,3.128173821303103,0.025002264538445153,0.011650380771356161,0.020626211843165015,0.01182617869689695
