trial,dock_success,target_x,target_y,target_yaw,gt_x,gt_y,gt_yaw,mcl_x,mcl_y,mcl_yaw,gt_xy_error_m,gt_yaw_error_rad,mcl_xy_error_m,mcl_yaw_error_rad
1,True,3.8557964340917787,0.006680792326181876,3.14,3.852849174247061,0.0015943294312087935,3.1310004813232446,3.875894712158174,0.005338211482141178,3.123393482597063,0.005878643157585132,0.008999518676755525,0.020143070881991333,0.016606517402937282
