trial,dock_success,target_x,target_y,target_yaw,gt_x,gt_y,gt_yaw,mcl_x,mcl_y,mcl_yaw,gt_xy_error_m,gt_yaw_error_rad,mcl_xy_error_m,mcl_yaw_error_rad
1,True,3.8557964340917787,0.006680792326181876,3.14,3.848716305614961,-0.0035136602698773245,3.134105853197544,3.8706101264127497,0.005525689233126287,3.127924758435239,0.012411892804143327,0.005894146802456035,0.014858658867339967,0.012075241564760919
